{"unfiltered_f1": 39.56264620587852, "f1": 40.21408419110342, "HEQ": 23.810139679255045, "DHEQ": 0.0, "yes/no": 11.950336264873254, "followup": 100.0, "unanswerable_acc": 7.042253521126761}