{"unfiltered_f1": 42.493994984969234, "f1": 43.16485298942259, "HEQ": 25.012933264355922, "DHEQ": 0.0, "yes/no": 11.950336264873254, "followup": 100.0, "unanswerable_acc": 12.67605633802817}