{"unfiltered_f1": 45.0154694218894, "f1": 45.831041012642004, "HEQ": 33.8851526125194, "DHEQ": 0.0, "yes/no": 11.950336264873254, "followup": 100.0, "unanswerable_acc": 0.0}