{"unfiltered_f1": 41.81111521762274, "f1": 42.57544841272441, "HEQ": 23.279875840662182, "DHEQ": 0.0, "yes/no": 11.950336264873254, "followup": 100.0, "unanswerable_acc": 5.633802816901408}