{"unfiltered_f1": 43.162390084386935, "f1": 43.99939534306377, "HEQ": 29.436109674081738, "DHEQ": 0.0, "yes/no": 11.950336264873254, "followup": 100.0, "unanswerable_acc": 8.450704225352112}