{"unfiltered_f1": 41.089556724865616, "f1": 41.69154714267204, "HEQ": 25.68546301086394, "DHEQ": 0.0, "yes/no": 11.950336264873254, "followup": 100.0, "unanswerable_acc": 1.408450704225352}