{"unfiltered_f1": 39.52982478707119, "f1": 40.14203919058659, "HEQ": 25.232798758406624, "DHEQ": 0.0, "yes/no": 11.950336264873254, "followup": 100.0, "unanswerable_acc": 1.408450704225352}