{"unfiltered_f1": 25.52772583559527, "f1": 25.96077396035773, "HEQ": 16.60631143300569, "DHEQ": 0.0, "yes/no": 11.950336264873254, "followup": 100.0, "unanswerable_acc": 22.535211267605632}