{"unfiltered_f1": 50.9489013521172, "f1": 53.3847260225647, "HEQ": 47.104788619515126, "DHEQ": 8.4, "yes/no": 22.48046483670607, "followup": 0.0, "unanswerable_acc": 70.57728119180634}