{"unfiltered_f1": 40.418906334810664, "f1": 41.222802343523334, "HEQ": 22.99534402483187, "DHEQ": 0.0, "yes/no": 11.950336264873254, "followup": 100.0, "unanswerable_acc": 4.225352112676056}