{"unfiltered_f1": 40.33823935873173, "f1": 41.04852612360327, "HEQ": 25.814795654423175, "DHEQ": 0.0, "yes/no": 11.950336264873254, "followup": 100.0, "unanswerable_acc": 2.816901408450704}