{"unfiltered_f1": 64.08235812659456, "f1": 65.11799776792968, "HEQ": 51.733057423693744, "DHEQ": 0.0, "yes/no": 11.950336264873254, "followup": 100.0, "unanswerable_acc": 23.943661971830984}