{"unfiltered_f1": 56.90502339962061, "f1": 57.85954567559284, "HEQ": 44.335230212105536, "DHEQ": 0.0, "yes/no": 11.950336264873254, "followup": 100.0, "unanswerable_acc": 12.67605633802817}