{"unfiltered_f1": 42.91464822126099, "f1": 43.682049005838344, "HEQ": 28.078116916709778, "DHEQ": 0.0, "yes/no": 11.950336264873254, "followup": 100.0, "unanswerable_acc": 9.859154929577464}