{"unfiltered_f1": 48.36805733876454, "f1": 49.13911093959514, "HEQ": 35.16554578375582, "DHEQ": 0.0, "yes/no": 11.950336264873254, "followup": 100.0, "unanswerable_acc": 11.267605633802816}