{"unfiltered_f1": 14.61933107996524, "f1": 14.782019203674762, "HEQ": 9.195550957061563, "DHEQ": 0.0, "yes/no": 11.950336264873254, "followup": 100.0, "unanswerable_acc": 2.816901408450704}