{"unfiltered_f1": 63.8462824127164, "f1": 64.9734460915547, "HEQ": 51.448525607863424, "DHEQ": 0.2, "yes/no": 11.950336264873254, "followup": 0.0, "unanswerable_acc": 21.12676056338028}