{"unfiltered_f1": 49.49256105985256, "f1": 50.3462581097126, "HEQ": 37.94619762027936, "DHEQ": 0.0, "yes/no": 11.950336264873254, "followup": 0.0, "unanswerable_acc": 14.084507042253522}