{"unfiltered_f1": 63.417216161250956, "f1": 64.53982969872247, "HEQ": 51.254526642524574, "DHEQ": 0.0, "yes/no": 11.950336264873254, "followup": 0.0, "unanswerable_acc": 21.12676056338028}