{"unfiltered_f1": 19.152232618760536, "f1": 19.348368796302676, "HEQ": 14.032591826176928, "DHEQ": 0.0, "yes/no": 11.950336264873254, "followup": 100.0, "unanswerable_acc": 11.267605633802816}