{"unfiltered_f1": 33.08372512753323, "f1": 33.65428773070323, "HEQ": 21.934816347646144, "DHEQ": 0.0, "yes/no": 11.950336264873254, "followup": 100.0, "unanswerable_acc": 14.084507042253522}