{"unfiltered_f1": 29.87528572664345, "f1": 30.28199332356617, "HEQ": 17.27884117951371, "DHEQ": 0.0, "yes/no": 11.950336264873254, "followup": 100.0, "unanswerable_acc": 2.816901408450704}