{"unfiltered_f1": 43.87743983201503, "f1": 44.53845581531188, "HEQ": 26.487325400931194, "DHEQ": 0.0, "yes/no": 11.950336264873254, "followup": 100.0, "unanswerable_acc": 8.450704225352112}