{"unfiltered_f1": 28.61591444467827, "f1": 28.687697005269182, "HEQ": 23.727087576374746, "DHEQ": 0.08305647840531562, "yes/no": 0.0, "followup": 0.0, "unanswerable_acc": 29.217830109335576}