{"unfiltered_f1": 78.48279810968788, "f1": 78.78313621084584, "HEQ": 68.81364562118127, "DHEQ": 3.654485049833887, "yes/no": 0.0, "followup": 0.0, "unanswerable_acc": 92.8174936921783}