{"unfiltered_f1": 26.54001558236913, "f1": 28.22059132202818, "HEQ": 22.364217252396166, "DHEQ": 0.2, "yes/no": 19.3518941122775, "followup": 57.55362848014605, "unanswerable_acc": 47.51009421265141}