{"unfiltered_f1": 22.131553857286367, "f1": 23.453877395954866, "HEQ": 16.735128556214818, "DHEQ": 0.0, "yes/no": 19.3518941122775, "followup": 57.55362848014605, "unanswerable_acc": 40.578734858681024}