{"unfiltered_f1": 7.46369330234991, "f1": 7.684455627534001, "HEQ": 3.757797048531873, "DHEQ": 0.0, "yes/no": 19.3518941122775, "followup": 57.55362848014605, "unanswerable_acc": 1.009421265141319}