{"unfiltered_f1": 5.191335499444915, "f1": 5.230190526508791, "HEQ": 1.3692377909630307, "DHEQ": 0.0, "yes/no": 19.3518941122775, "followup": 57.55362848014605, "unanswerable_acc": 0.2691790040376851}