{
    "train": [
        {
            "loss": 1.9908350030855653,
            "Simple EM": 1.2291807510294388e-05,
            "QuAC F1": 0.030075108667203528,
            "epoch": 0
        },
        {
            "loss": 1.8646542115782712,
            "Simple EM": 2.4583615020588776e-05,
            "QuAC F1": 0.05632155494858061,
            "epoch": 1
        }
    ],
    "valid": [
        {
            "loss": 9.516744082862994,
            "Simple EM": 0.0,
            "QuAC F1": 0.030576890433246927,
            "epoch": 0
        },
        {
            "loss": 9.316740799961707,
            "Simple EM": 0.0,
            "QuAC F1": 0.08673929808971495,
            "epoch": 1
        }
    ]
}