{"unfiltered_f1": 16.78839293085075, "f1": 17.025401484578143, "HEQ": 9.37661665804449, "DHEQ": 0.0, "yes/no": 11.950336264873254, "followup": 100.0, "unanswerable_acc": 2.816901408450704}