{
    "train": [
        {
            "loss": 1.486256094781361,
            "Simple EM": 0.006452388215609603,
            "QuAC F1": 0.3254834507123461,
            "epoch": 0
        }
    ],
    "valid": [
        {
            "loss": 6.750702522844374,
            "Simple EM": 0.007641237629963673,
            "QuAC F1": 0.4154718355440006,
            "epoch": 0
        }
    ]
}