{"unfiltered_f1": 32.57302474836212, "f1": 33.059504796227955, "HEQ": 18.649767201241595, "DHEQ": 0.0, "yes/no": 11.950336264873254, "followup": 100.0, "unanswerable_acc": 19.718309859154928}