{"unfiltered_f1": 31.11638512308562, "f1": 32.97641150206067, "HEQ": 27.20219078046554, "DHEQ": 0.3, "yes/no": 19.3518941122775, "followup": 57.55362848014605, "unanswerable_acc": 59.757738896366085}