{"unfiltered_f1": 27.64669604079681, "f1": 29.248755656187672, "HEQ": 22.4554997717937, "DHEQ": 0.0, "yes/no": 19.3518941122775, "followup": 57.55362848014605, "unanswerable_acc": 55.85464333781965}