{"unfiltered_f1": 26.521922385177245, "f1": 28.298552729988522, "HEQ": 21.770880876312187, "DHEQ": 0.3, "yes/no": 19.3518941122775, "followup": 57.55362848014605, "unanswerable_acc": 48.58681022880215}