{"unfiltered_f1": 28.6670506404851, "f1": 30.55188074992807, "HEQ": 24.87448653582839, "DHEQ": 0.1, "yes/no": 19.3518941122775, "followup": 57.55362848014605, "unanswerable_acc": 51.68236877523553}