{"unfiltered_f1": 22.609136543469187, "f1": 22.926667500861182, "HEQ": 15.946714950853595, "DHEQ": 0.0, "yes/no": 11.950336264873254, "followup": 100.0, "unanswerable_acc": 14.084507042253522}