{"unfiltered_f1": 25.016569206095134, "f1": 26.33641117498825, "HEQ": 19.580100410771337, "DHEQ": 0.2, "yes/no": 19.3518941122775, "followup": 57.55362848014605, "unanswerable_acc": 40.376850605652756}