{"unfiltered_f1": 29.19464719271255, "f1": 31.039559556853618, "HEQ": 25.270044119884375, "DHEQ": 0.2, "yes/no": 19.3518941122775, "followup": 57.55362848014605, "unanswerable_acc": 46.09690444145357}