{"unfiltered_f1": 60.59869850871077, "f1": 61.63460537055917, "HEQ": 48.02121055354372, "DHEQ": 0.2, "yes/no": 11.950336264873254, "followup": 100.0, "unanswerable_acc": 15.492957746478874}