{"unfiltered_f1": 10.148587921850647, "f1": 10.411716866214942, "HEQ": 6.0702875399361025, "DHEQ": 0.0, "yes/no": 19.3518941122775, "followup": 57.55362848014605, "unanswerable_acc": 9.286675639300135}