{"unfiltered_f1": 14.760530016661756, "f1": 15.348050307052961, "HEQ": 11.608093716719916, "DHEQ": 0.0, "yes/no": 19.3518941122775, "followup": 57.55362848014605, "unanswerable_acc": 10.161507402422611}