{"unfiltered_f1": 31.16870448621156, "f1": 33.17079039274458, "HEQ": 27.643389624220294, "DHEQ": 0.3, "yes/no": 19.3518941122775, "followup": 57.55362848014605, "unanswerable_acc": 59.219380888290715}