{"unfiltered_f1": 30.07812335573799, "f1": 32.10034931470496, "HEQ": 25.924235508900047, "DHEQ": 0.1, "yes/no": 19.3518941122775, "followup": 57.55362848014605, "unanswerable_acc": 61.57469717362046}