{"unfiltered_f1": 15.90151684683541, "f1": 16.4975226498851, "HEQ": 9.79765708200213, "DHEQ": 0.0, "yes/no": 19.3518941122775, "followup": 57.55362848014605, "unanswerable_acc": 1.3458950201884252}