{"unfiltered_f1": 19.54674981184555, "f1": 20.43464840648201, "HEQ": 15.244180739388407, "DHEQ": 0.1, "yes/no": 19.3518941122775, "followup": 57.55362848014605, "unanswerable_acc": 1.278600269179004}