{"unfiltered_f1": 19.129071908646985, "f1": 19.26552384889034, "HEQ": 13.92912571132954, "DHEQ": 0.0, "yes/no": 11.950336264873254, "followup": 100.0, "unanswerable_acc": 7.042253521126761}