{"unfiltered_f1": 16.92579074521688, "f1": 17.546458576526987, "HEQ": 11.76023124904914, "DHEQ": 0.0, "yes/no": 19.3518941122775, "followup": 57.55362848014605, "unanswerable_acc": 5.0471063257065945}