{"unfiltered_f1": 14.861460086703822, "f1": 15.372776009790865, "HEQ": 8.823976875095086, "DHEQ": 0.0, "yes/no": 19.3518941122775, "followup": 57.55362848014605, "unanswerable_acc": 4.643337819650068}