{"unfiltered_f1": 27.112331330497685, "f1": 28.576516163262745, "HEQ": 23.27704244637152, "DHEQ": 0.3, "yes/no": 19.3518941122775, "followup": 57.55362848014605, "unanswerable_acc": 31.695827725437415}