{"unfiltered_f1": 21.411430085141138, "f1": 22.522936661877004, "HEQ": 15.898372128404077, "DHEQ": 0.0, "yes/no": 19.3518941122775, "followup": 57.55362848014605, "unanswerable_acc": 26.51413189771198}