{"unfiltered_f1": 9.187208453452408, "f1": 9.34552790172691, "HEQ": 4.396774684314621, "DHEQ": 0.0, "yes/no": 19.3518941122775, "followup": 57.55362848014605, "unanswerable_acc": 7.065948855989233}