{"unfiltered_f1": 13.566879632065339, "f1": 14.095261166192927, "HEQ": 8.869618134793853, "DHEQ": 0.0, "yes/no": 19.3518941122775, "followup": 57.55362848014605, "unanswerable_acc": 11.103633916554509}