{"unfiltered_f1": 56.872978062864966, "f1": 57.86205565091892, "HEQ": 44.72322814278324, "DHEQ": 0.0, "yes/no": 11.950336264873254, "followup": 100.0, "unanswerable_acc": 11.267605633802816}