{"unfiltered_f1": 32.288793628719965, "f1": 32.93183028921473, "HEQ": 18.093636833936884, "DHEQ": 0.0, "yes/no": 11.950336264873254, "followup": 100.0, "unanswerable_acc": 7.042253521126761}