{"unfiltered_f1": 42.87543067218864, "f1": 43.60045303424444, "HEQ": 26.00879461976203, "DHEQ": 0.0, "yes/no": 11.950336264873254, "followup": 100.0, "unanswerable_acc": 9.859154929577464}