{"unfiltered_f1": 42.32885126642294, "f1": 43.11700082414966, "HEQ": 28.11691670977755, "DHEQ": 0.0, "yes/no": 11.950336264873254, "followup": 100.0, "unanswerable_acc": 9.859154929577464}