{"unfiltered_f1": 45.83328638191424, "f1": 46.62650599553653, "HEQ": 34.26021727884118, "DHEQ": 0.0, "yes/no": 11.950336264873254, "followup": 100.0, "unanswerable_acc": 1.408450704225352}