{"unfiltered_f1": 43.26878651566329, "f1": 44.071884629909455, "HEQ": 29.022245214692187, "DHEQ": 0.0, "yes/no": 11.950336264873254, "followup": 100.0, "unanswerable_acc": 5.633802816901408}