{"unfiltered_f1": 42.472209388928775, "f1": 43.24770726509636, "HEQ": 25.129332643559234, "DHEQ": 0.0, "yes/no": 11.950336264873254, "followup": 100.0, "unanswerable_acc": 4.225352112676056}