{"unfiltered_f1": 43.96020347991172, "f1": 44.72959122507642, "HEQ": 31.906363166063116, "DHEQ": 0.0, "yes/no": 11.950336264873254, "followup": 100.0, "unanswerable_acc": 1.408450704225352}