{"unfiltered_f1": 22.182041845590213, "f1": 21.653171603485344, "HEQ": 12.444850144530657, "DHEQ": 0.2, "yes/no": 19.3518941122775, "followup": 0.0, "unanswerable_acc": 1.2113055181695829}