{"unfiltered_f1": 57.80708028367569, "f1": 60.60740653760676, "HEQ": 55.84968811805872, "DHEQ": 4.5, "yes/no": 19.3518941122775, "followup": 0.0, "unanswerable_acc": 72.40915208613728}