{"unfiltered_f1": 25.42312256705039, "f1": 27.30657067998258, "HEQ": 21.466605811653736, "DHEQ": 0.4, "yes/no": 19.3518941122775, "followup": 57.55362848014605, "unanswerable_acc": 56.662180349932704}