{"unfiltered_f1": 22.3960433190902, "f1": 23.979850619069126, "HEQ": 17.81530503575232, "DHEQ": 0.1, "yes/no": 19.3518941122775, "followup": 57.55362848014605, "unanswerable_acc": 54.643337819650064}