{"unfiltered_f1": 61.28395239201162, "f1": 62.362151071097706, "HEQ": 49.98706673564408, "DHEQ": 0.0, "yes/no": 11.950336264873254, "followup": 100.0, "unanswerable_acc": 15.492957746478874}