{"unfiltered_f1": 30.82280577942886, "f1": 33.012891326266406, "HEQ": 27.06526700136924, "DHEQ": 0.7, "yes/no": 19.3518941122775, "followup": 57.55362848014605, "unanswerable_acc": 59.421265141318976}