{"unfiltered_f1": 25.71953940656347, "f1": 27.44722544967111, "HEQ": 20.797200669405143, "DHEQ": 0.6, "yes/no": 19.3518941122775, "followup": 57.55362848014605, "unanswerable_acc": 53.90309555854643}