{"unfiltered_f1": 25.681989582096154, "f1": 27.382195385550023, "HEQ": 20.797200669405143, "DHEQ": 0.2, "yes/no": 19.3518941122775, "followup": 57.55362848014605, "unanswerable_acc": 50.80753701211305}