{"unfiltered_f1": 31.337814619165037, "f1": 33.540018057824746, "HEQ": 28.191084740605508, "DHEQ": 0.3, "yes/no": 19.3518941122775, "followup": 57.55362848014605, "unanswerable_acc": 54.17227456258412}