{"unfiltered_f1": 30.951558507585013, "f1": 31.571375389601936, "HEQ": 18.869632695292292, "DHEQ": 0.0, "yes/no": 11.950336264873254, "followup": 100.0, "unanswerable_acc": 5.633802816901408}