{"unfiltered_f1": 27.63525524881225, "f1": 28.080000486060882, "HEQ": 16.37351267459907, "DHEQ": 0.0, "yes/no": 11.950336264873254, "followup": 100.0, "unanswerable_acc": 2.816901408450704}