{"unfiltered_f1": 51.89275199697047, "f1": 52.73574643540845, "HEQ": 37.17020175892395, "DHEQ": 0.0, "yes/no": 11.950336264873254, "followup": 100.0, "unanswerable_acc": 9.859154929577464}