{"unfiltered_f1": 50.985280149649206, "f1": 51.81809784925876, "HEQ": 38.683393688566994, "DHEQ": 0.0, "yes/no": 11.950336264873254, "followup": 100.0, "unanswerable_acc": 11.267605633802816}