{"unfiltered_f1": 15.62376869523332, "f1": 15.844738251716013, "HEQ": 8.54888773926539, "DHEQ": 0.0, "yes/no": 11.950336264873254, "followup": 100.0, "unanswerable_acc": 4.225352112676056}