{"unfiltered_f1": 51.71383869119253, "f1": 52.52335512987718, "HEQ": 36.29073978272116, "DHEQ": 0.0, "yes/no": 11.950336264873254, "followup": 100.0, "unanswerable_acc": 9.859154929577464}